8,Suzy,Abomey,385881
27,Angelika,Camaquã,303969
91,Ignacio,Matamey,115094
70,Mikkel,Sabang,116462
34,Kerby,Kobylin,452645
78,Chick,Xiongzhang,278382
2,Guinna,Condoroma,71334
6,Courtney,Aiguo,140244
76,Tomkin,Mejdan - Obilićevo,374543
35,Loydie,Penambangan,161165
16,Sansone,Dabancheng,338038
36,Isabelita,Razgrad,12271
5,Fernande,Guang’an,34657
67,Petronilla,Ciracap,491236
17,Uta,Cordon,155324
73,Olav,Thị Trấn Cao Lộc,313285
81,Gasparo,Liuhuang,234409
98,Cornie,Mankoeng,266812
18,Kayne,Leleque,443045
17,Danila,Cincinnati,251382
15,Claudie,Bachaquero,91094
14,Jimmie,Pyatigorsk,475217
46,Agnola,Ōnojō,378832
24,Mikey,Zambujal,31966
3,Caspar,Saint-Quentin-en-Yvelines,117607
28,Winnie,Rates,476742
87,Atlante,Ziębice,241383
66,Bobine,São Pedro da Aldeia,241965
1,Lotty,Bhāi Pheru,71737
19,Wendel,Almaty,186634
79,Teador,Kaiyuan,70797
24,Grove,Batuna Satu,82803
1,Woodie,Hacienda La Calera,349679
60,Guillaume,Cardona,11727
69,Jo,Yefremov,41473
19,Fina,Yaroslavskiy,351581
6,Berri,Radenka,437476
56,Hunter,Tielu,312315
51,Iain,Thị Trấn Phong Thổ,466179
25,Morissa,Jizhou,134140
57,Ariadne,Itambacuri,120106
15,Barn,Famatina,325506
21,Merna,Mapiri,239145
15,Lyon,Konga,271336
52,Yorker,Toronto,58536
15,Gerry,Besançon,204854
18,Ardyth,Sanquan,110345
83,Marcille,Kavār,102997
30,Otho,Jerez,210952
89,Harlene,Wang Nam Yen,62980
19,Avrom,Camperdown,27410
53,Rahel,Dodola,338409
80,Laurice,Kannabechō-yahiro,107548
86,Reeba,Balas,357530
35,Aylmer,Hispania,326876
68,Rayner,Beishan,16030
26,Emily,Funtua,114345
99,Zechariah,Yujia’ao,371696
69,Derry,Ketapang,102763
72,Mathilde,Zhantang,448641
3,Rory,Datagon,428714
91,Rickie,Lumil,328894
86,Riane,Albacete,394250
1,Reinaldos,Zuocun,159120
28,Bethany,Saint-Lin-Laurentides,473411
48,Nealon,Shkotovo,465184
81,Dalenna,Dębno,396847
8,Bendite,Lāmerd,288472
51,Dar,Gunan,234879
71,Haven,Rancapeundey,124003
1,Jillene,Nová Role,427409
29,Ranee,Biała Piska,472652
75,Gustaf,Thành Phố Hạ Long,284482
67,Eartha,Venezia,393369
45,Fina,Pandangan Kulon,187219
31,Kaila,Kerep Wetan,147937
3,Idelle,Nanterre,159143
83,Dare,Pando,299100
17,Hermia,Amiens,65680
93,Sissy,Shiroi,350119
62,Nicky,Bromont,322420
52,Glenn,Bromma,269184
51,Kariotta,Comillas Norte,409950
41,Sella,Thành Phố Bà Rịa,473049
42,Hillyer,Qingzhou,124023
51,Marc,Imperatriz,25161
22,Andres,Manding,101448
28,Pen,Shazhuang,371158
50,Alic,Trondheim,82319
4,Wilmette,Tomorlog,487866
21,Nettie,Timpas,92016
35,Tiphanie,Křenovice,72984
24,Ignatius,Jihui,14041
30,Kikelia,Fresnes,180477
99,Janaye,Vavuniya,161445
69,Farah,Ishikawa,208967
60,Hilary,Pinheiro,134316
50,Roseanna,Date,292906
30,Moira,Phalaborwa,398921
96,Taite,Göteborg,322183
29,Chase,Rosais,135442
58,Virginia,Dededo Village,499799
57,Tull,Oliveira de Frades,387160
79,Rosene,Metz,364728
37,Allayne,Gostivar,478318
26,Cchaddie,Lapa,417399
37,Frasco,Sunbu,373737
63,Alwin,Alvito,210857
21,Hansiain,Shishan,186911
53,Dulci,Zagora,101225
70,Karel,Rancakuya,143810
88,Ailey,Siemiechów,102545
26,Levy,Santa Quitéria,361978
54,Cesar,Tsu-shi,346822
44,Rivi,Shalamzār,301553
38,Faina,Bélel,133476
21,Moss,Caigangan,184841
81,Merissa,Comé,285085
32,Baily,Rio Grande,211088
96,Alfons,Ubaté,303679
23,Kermit,Arras,184637
29,Kennie,Makata,71084
29,Fredericka,Semibratovo,163378
20,Kaiser,Areeiro,130138
65,Beret,Jiulongshan,27123
81,Brandie,Nanxiang,477857
41,Engelbert,Dahewan,357525
16,Keefer,Bentar Girang,327913
27,Francklyn,Ambatondrazaka,262309
46,Ailis,Mairiporã,418247
38,Blancha,Meaux,12222
53,Lewiss,Zhushan,331753
14,Marianne,Tanshan,149684
12,Allin,Garisul,420739
61,Faulkner,Poshnje,294101
41,Wendy,Tagog,19109
42,Yorker,Benito Juarez,118401
39,Liane,Jiangcun,306370
11,Michele,Sever do Vouga,81421
83,Blinni,Binguang,212533
5,Gamaliel,Askeaton,158998
89,Andres,Siborong-borong,118457
29,Maison,Ulanov,114707
77,Wilden,Carianos,236532
80,Robina,Shijiazhai,331532
24,Karlens,Shimen,416063
51,Hi,Zhujiapu,437151
49,Sheeree,Mazyr,463307
51,Dorette,Fratar,379419
87,Sinclair,Laka,297108
72,Ode,Leninsk,357416
97,Sella,Jincheng,275240
5,Shari,Malekān,392276
65,Matilde,Erie,280240
83,Tiffi,Johogunung,100844
43,Alon,Azogues,11075
33,Reed,Kobeřice,245662
72,Kitti,Grabica,442613
53,Benny,Tahilt,463230
39,Teressa,Nong Bun Nak,134759
5,Alvy,Chelu,444151
95,Christiana,Tiznit,315962
19,Ezekiel,Shiraoi,145794
6,Mommy,Ratchasan,386037
67,Percy,Kamyshin,417607
57,Bondy,Tamaulipas,490675
76,Judon,Caseros,83191
31,Valina,Shishan,248145
23,Brenna,Dingdian,443991
51,Terri,Gaomiaoji,225861
41,Caralie,Stockholm,316729
36,Danette,Gorshechnoye,414164
5,Joeann,Jiefang,311607
52,Otho,Adelaide Mail Centre,190165
8,Minnnie,Eqbālīyeh,13142
36,Gawen,Badāmā,395829
56,Ogdon,Emalgolin Mongolzuxiang,23675
28,Sunny,Noyelles-sous-Lens,447476
56,Gradeigh,Yafran,415288
13,Prudi,Dubréka,203537
57,Briny,Vera,181137
99,Guglielmo,Saronída,439379
77,Jacinda,Knjazevac,252311
2,Loni,Tekeli,42076
14,Daniela,Longxing,497274
13,Haley,Gendiwu,480991
68,Thibaud,San Jose,246807
93,Galvin,Raphoe,168950
27,Biddie,Mayfa‘ah,393203
68,Casar,Klichaw,151258
99,Aveline,El Cocuy,385192
40,Annnora,Thị Trấn Sìn Hồ,491023
97,Rachel,Kanbe,453462
28,Brandy,Anjozorobe,306922
80,Lynnet,Cinyasag,146839
87,Cyndia,Mehmand Chak,89643
51,Uriel,Juàzeirinho,28377
49,Errol,Khawrah,452287
46,Mellicent,Jatake,165395
11,Katie,Pechora,482819
1,Katrine,Houmen,93546
5,Maighdiln,Balete,284073
14,Ivor,Gegernoong,408574
92,Colene,A’ershan,143512
14,Monika,Guadalupe Victoria,280891
29,Clayson,San Miguel Chicaj,355322
73,Emlynn,Jiahu,51780
67,Garner,Thompson,95403
54,Jacquenetta,Samadua,84556
81,Brian,Żabnica,211376
60,Cristi,Korets’,209966
23,Iggy,Paobulan,395429
66,Steffen,Compostela,65507
62,Carlee,Cikupa,183855
87,Althea,Uzhhorod,433939
97,Tye,London,233023
92,Nerita,Krasnodon,173191
63,Glennis,Pagedangan,156926
79,Herold,Xiayang,248696
27,Augustine,Tsuen Wan,478503
48,Tova,Zhongshan Donglu,113829
48,Brand,Caen,473523
83,Kristofer,Pakxong,271824
36,Rogers,Stakhanov,10863
72,Marv,Aykol,60494
81,Junia,Dongtai,322642
62,Saul,Atambua,204952
93,Kippy,Leeuwarden,290054
94,Christina,Gigante,366046
74,Waite,Yihe,40548
60,Misti,Alminhas,201761
51,Cody,Taraco,351863
13,Amelia,Shuiji,355004
44,Elmer,Bundibugyo,487619
65,Trent,Mudon,367190
80,Hillary,Guaraciaba do Norte,219086
11,Reuven,Chiba,90364
89,Geri,Chichinales,334130
98,Conni,Tuwiri Wetan,110117
9,Perren,Sundsvall,203905
63,Cicely,Vilares,96946
34,Arney,Hājīganj,121361
58,Agnella,Diourbel,345898
63,Shepperd,Skelleftehamn,110254
65,Taber,Yazman,230205
93,Beckie,Arcueil,69432
93,Ari,Ma’an,440974
42,Shaylah,Orlando,481590
72,Jena,Wu’erbu Baolige,312405
70,Shae,Voznesenskaya,93220
2,Paige,Värnamo,496524
93,Georgette,Solok Timur,258975
6,Jana,Samut Sakhon,347774
29,Herbert,Rosário do Sul,409675
68,Tommie,Souto do Meio,390188
16,Stavros,Krasnyy Yar,229813
58,Christophorus,Longvic,369980
22,Em,Sombor,258630
49,Enrique,Pewel Wielka,66803
70,Joellyn,Beilun,205607
60,Wakefield,Haicheng,194016
7,Viole,Cijayana,427132
86,Say,Timmins,329027
7,Cordula,Topeka,379882
64,Magdalena,Dingqiao,414379
6,Prisca,Västerås,267303
26,Pennie,Nguigmi,289210
78,Lenee,Janūb as Surrah,229406
70,Dorotea,Guadalupe,364090
25,Cloris,Centre de Flacq,254593
35,Albertina,Coolock,388242
44,Gannie,Praia das Maçãs,111808
97,Evelin,Strání,460571
41,Aldus,Oltintopkan,306191
56,Peria,Xiaohe,52212
14,Marty,Hongor,149770
82,Bryant,Baikouquan,385690
47,Wright,Xiadong,257477
17,Tammy,El Porvenir,191601
83,Clarance,Kawengan,322389
65,Karol,Praimarada,397951
90,Troy,Psáry,124370
96,Dame,Ivanovo-Alekseyevka,144089
39,Lee,Suhong,303807
15,Sheilah,Bulu,427516
58,Lyndy,Makhalino,380940
100,Daisey,Selemadeg Kelod,465231
43,Debor,Limbaan,48191
14,Danit,Poitiers,164251
89,Gerti,Siluko,253724
19,Conny,Cali,331689
76,Sonnnie,Pingtang,71506
85,Webb,Tāklisah,30552
66,Ilyse,Chelgard,128712
75,Faustine,Āqchah,480248
67,Gerianna,Monte da Pedra,364649
22,Chrystel,Bator,259715
35,Verena,Las Vegas,293102
92,Quintina,Jenamas,408089
15,Carlita,Hengjing,370233
10,Chas,Apóstoles,410187
35,Carmon,Fiditi,385245
81,Stephi,Ribeirão,230794
91,Nolie,Juntas,108655
82,Bernard,Garibaldi,336114
67,Alvina,Enrile,224948
25,Frieda,Portelinha,186740
34,Taylor,Kadugannawa,125701
69,Roberta,Mishkino,120601
64,Adella,Plymouth,308706
29,Brad,Penedo,233538
47,Tanya,Masaki-chō,462281
83,Leonidas,Kulotino,266782
5,Winn,Rače,361620
50,Marya,Anguil,20179
84,Shalom,Wakapuken,202604
6,Janessa,Villefranche-sur-Saône,55278
100,Allie,Bendan,398961
28,Alaster,Salacgrīva,477458
100,Rock,Jhingergācha,382869
12,Silas,Mazhonghe,132557
44,Meyer,Bestovje,298085
63,Marcelle,København,454168
84,Alikee,Ilinden,84042
91,Yorgos,Birayang,371848
37,Jen,Nara,311525
69,Innis,Proença-a-Nova,107133
36,Wyndham,Ning’an,236713
11,Heinrik,Ribeiro,197335
14,Geri,Matalam,317003
76,Kaile,Huquan,363853
63,Madella,Fangyan,20846
48,Mitch,Xin’an,145768
83,Ingamar,Campos Sales,407987
17,Hunfredo,Évodoula,328987
26,Marie-jeanne,Jayapura,463377
60,Reagan,Cibolang,234571
24,Crissie,Valdivia,441480
37,Iago,Akwanga,108911
73,Gaspard,Shuanghe,186625
31,Rodrick,Krajan Timur Mlokorejo,220045
3,Jacob,Sennoy,234512
10,Grady,Jabłonowo Pomorskie,44364
44,Astrix,Mlawat,377755
59,Anatol,San Miguel,145521
38,Michaella,Aranyaprathet,483119
41,Benny,Manchester,462856
25,Charla,Ermidas do Sado,117214
93,Sylvester,Boden,355797
52,Adelaide,Aboisso,413232
59,Jemmy,Ilanskiy,290788
4,Lennard,Sungaikakap,266463
55,Etheline,Solna,275090
43,Gavan,Baitang,490726
15,Emalia,Pokhvistnevo,82598
85,Lammond,Sahagún,133999
61,Maren,Jablonné nad Orlicí,179273
66,Adelaida,Grande Rivière du Nord,458838
60,Nettle,Velingrad,461925
51,Kassey,Mardā,471339
16,Ricca,Eséka,410683
13,Olly,Mników,68564
88,Dorolisa,Manjo,415340
45,Cordelie,Jingtan,114644
80,Karilynn,Xiangshi,205168
39,Allegra,Des Moines,231340
39,Prissie,Amiens,399018
3,Elliot,Tahe,156130
39,Caprice,Beraim,171138
35,Perceval,Jinjiahe,436135
61,Antin,Oxelösund,141588
11,Lola,Gaojia,167964
11,Robbin,Carig,310265
50,Sande,Yitulihe,317051
52,Christoper,Zvenyhorodka,41835
89,Jarred,Sabunçu,193287
9,Ilario,Mocupe,49126
46,Alaster,Chicama,295115
19,Klemens,Sibut,494722
19,Ola,Rerawere,144331
86,Willabella,Sinarbakti,185983
4,Sidoney,Yanyang,474585
72,Jennilee,Arroyo Seco,479075
93,Larry,Presidente Médici,459477
66,Barclay,Sabá,234271
29,Cassie,Sandefjord,302396
80,Kirstyn,Wanagiri,46553
18,Ellerey,Cigaluh,212827
15,Carey,Gorshechnoye,124485
58,Pearla,Kamenskiy,107188
23,Anita,Rychwał,99078
11,Mata,Nowy Sącz,48181
6,Myron,Starokorsunskaya,220080
1,Cornela,Aioi,55482
14,Malissia,Tianfen,36631
65,Butch,Cimonyong,174621
54,Spence,Obo,52578
46,Malinde,Buutuo,50335
49,Joana,Puerto La Cruz,126957
62,Robinette,Jorochito,421161
94,Zandra,Yongjiang,449475
21,Appolonia,Ábrego,225055
33,Livvie,Kihniö,268510
72,Charmane,Lunik,118200
81,Katy,Limbo,10112
5,Ysabel,Anling,430940
75,Mariel,Zhenqian,220547
65,Estell,Hveragerði,365089
59,Nels,Töreboda,108497
83,Violet,Santa Rita Aplaya,445884
100,Myrvyn,Ílion,487191
70,Mabelle,Launceston,323021
40,Raleigh,Mauraro,356268
85,Cherish,Eslāmābād,305144
50,Shanta,Wolfville,176310
85,Hardy,Baru Timur,443208
89,Quincey,Caigongzhuang,368222
81,Garwood,Xilong,160374
45,Stormie,Geneng,456037
43,Francois,Vologda,440754
30,Kelley,Ḩakamā,77283
36,Roland,Suhong,129359
79,Trumann,Kouango,198828
7,Urban,Carmo do Cajuru,363032
45,Jamison,Qimantage,231372
9,Bamby,Zmijavci,360106
19,Bethanne,Armamar,24987
7,Lotte,Melbourne,245655
90,Jean,Kęsowo,478363
33,Winnifred,Yingzai,46532
44,Elmore,28 de Noviembre,367938
89,Kiersten,Pregonero,187169
25,Skell,Bondoboghila,120054
26,Bliss,Albion,74748
68,Valry,Paquera,402328
14,Irving,Zoumachang,85597
81,Christoph,Lanlongkou,252760
42,Latisha,Núi Đối,225164
34,Janaya,Baolin,357057
42,Joella,Baitoa,88657
93,Hilde,Roskoshnyy,308612
7,Rosalinde,Sengkerang Tiga,362452
39,Yolanda,Fazhan,493589
63,Lazar,Kalangala,438416
93,Ansel,Góra Kalwaria,469722
2,Leena,Lanuza,353706
39,Cordie,San Emilio,259446
45,Izak,Ismailia,12146
47,Ferdy,Alqueidão,253274
98,Jessey,Dingchang,411746
75,Rodrick,Hartford,415425
92,Yoko,Khujirt,324703
62,Atlanta,Phu Kam Yao,192097
67,Guenevere,Ciulu,117610
77,Kris,San Buenaventura,73840
96,Glynis,Baikui,445089
49,Gasparo,Sepanjang,26917
52,Ortensia,Mulan,48578
74,Wynnie,Sao Hai,448871
44,Braden,Pont-Rouge,394242
29,Lazare,Giesteira,477922
26,Reider,Hinthada,409604
17,Dario,Damasak,316326
55,Florence,Mieścisko,108670
30,Tiertza,Tissa,73673
42,Culver,Jiufeng,457089
78,Easter,Amorim,415068
50,Brett,Malšice,94885
88,Roana,Fushë-Bulqizë,210771
24,Delmore,Nirasaki,295182
63,Mindy,Manzanillo,321426
72,Jeffie,Yëlkino,322849
82,Renaldo,Colonias Unidas,437066
100,Carly,Wujia,180925
30,Helen-elizabeth,Krabi,452023
52,Toni,Västerås,81902
43,Dmitri,Hongwei,465358
79,Chad,Aleksotas,369153
2,Alexi,Timrå,27230
45,Essie,Mališevo,226501
24,Camilla,Horní Suchá,41672
16,Bendicty,Francisco Villa,92227
68,Ardelle,Motala,215753
34,Jelene,Pajala,242412
56,Libbi,Mała Wieś,78106
80,Pryce,Huyuan,373069
2,Alli,Boise,58505
60,Sloane,Tupesy,381495
62,Kilian,Leuwidamar,55630
92,Iosep,Houzhen,59123
74,Ephrayim,Monsanto,13678
9,Corby,Nkongsamba,230239
83,Susannah,Tân Trụ,410987
25,Jazmin,Żywiec,410821
90,Zelig,Cabucgayan,254455
6,Jedd,Ziniaré,415628
49,Bibbye,Shanghu,447411
91,Brett,Pacora,326341
83,Gabbi,Марино,328109
7,Vevay,Molave,430644
